Item, QTY, UNIT (USD), VENDOR (the OG links are really long so I shortened them)
Right angle rotary encoder 20MM, 1, $2.00 https://tinyurl.com/5h7m9wkp
0.96" OLDED Display Module, 1, $2.75, https://tinyurl.com/4d53tcrs
ESP32-C3 Super Mini, 1, $3.20, https://tinyurl.com/38xyajv4
DFP Player/ TF Card Reader, 1, $1.90, https://tinyurl.com/mr2xercb
20*14mm 1w 8ohm Speaker, 1, $5.50, https://tinyurl.com/33dyxdwb
902030 500mAh Lipo Battery, 1, $7.90, https://tinyurl.com/wmr54224
MCU6050, 1, $2.45, https://tinyurl.com/ep5mutfw
LED, 1, $
SPST Switch, 1, $
Resistor 330ohm, 1, $0.02, https://tinyurl.com/5t5737zy
Key Bob PCB, 1, $1.10, https://cart.jlcpcb.com/quote
,,,
Total (Per Kit), 2, $0,
